stock_code,corp_name,year,word_count,filename,start_page,end_page
001630,종근당홀딩스,2024,25843,001630_종근당홀딩스.pdf,23,137
[정정]007340,DN오토모티브,2024,3822,[정정]007340_DN오토모티브.pdf,7,24
030720,동원수산,2024,5590,030720_동원수산.pdf,5,28
021050,서원,2024,3475,021050_서원.pdf,14,33
003780,진양산업,2024,1965,003780_진양산업.pdf,10,22
000140,하이트진로홀딩스,2024,15263,000140_하이트진로홀딩스.pdf,5,78
272450,진에어,2024,3209,272450_진에어.pdf,20,39
026960,동서,2024,2886,026960_동서.pdf,12,27
181710,엔에이치엔,2024,3463,181710_엔에이치엔.pdf,17,27
034830,한국토지신탁,2024,4074,034830_한국토지신탁.pdf,15,33
044380,주연테크,2024,2669,044380_주연테크.pdf,14,28
034220,LG디스플레이,2024,1076,034220_LG디스플레이.pdf,14,17
[정정]000370,한화손해보험,2024,7085,[정정]000370_한화손해보험.pdf,6,40
085310,엔케이,2024,9847,085310_엔케이.pdf,5,45
[정정]035510,신세계I&C,2024,3994,[정정]035510_신세계I&C.pdf,21,38
005500,삼진제약,2024,7563,005500_삼진제약.pdf,14,50
180640,한진칼,2024,14699,180640_한진칼.pdf,6,73
006120,SK디스커버리,2024,4967,006120_SK디스커버리.pdf,33,50
001230,동국홀딩스,2024,13596,001230_동국홀딩스.pdf,7,68
[정정]145990,삼양사,2024,8466,[정정]145990_삼양사.pdf,21,58
282690,동아타이어,2024,1943,282690_동아타이어.pdf,11,24
006800,미래에셋증권,2024,19682,006800_미래에셋증권.pdf,7,86
068270,셀트리온,2024,15865,068270_셀트리온.pdf,21,80
004910,조광페인트,2024,7673,004910_조광페인트.pdf,11,36
005740,크라운해태홀딩스,2024,9531,005740_크라운해태홀딩스.pdf,5,49
322000,HD현대에너지솔루션,2024,4345,322000_HD현대에너지솔루션.pdf,14,39
005930,삼성전자,2024,8031,005930_삼성전자.pdf,27,76
090430,아모레퍼시픽,2024,6430,090430_아모레퍼시픽.pdf,6,31
002920,유성기업,2024,5074,002920_유성기업.pdf,14,42
023150,MH에탄올,2024,4122,023150_MH에탄올.pdf,10,27
003490,대한항공,2024,9760,003490_대한항공.pdf,19,56
[정정]101530,해태제과식품,2024,4248,[정정]101530_해태제과식품.pdf,28,46
002960,한국쉘석유,2024,2884,002960_한국쉘석유.pdf,13,25
001790,대한제당,2024,4109,001790_대한제당.pdf,11,29
005090,SGC에너지,2024,5545,005090_SGC에너지.pdf,17,44
[정정]011200,HMM,2024,5434,[정정]011200_HMM.pdf,21,42
014990,인디에프,2024,2107,014990_인디에프.pdf,13,24
[정정]280360,롯데웰푸드,2024,8857,[정정]280360_롯데웰푸드.pdf,26,53
005250,녹십자홀딩스,2024,41988,005250_녹십자홀딩스.pdf,34,196
002900,TYM,2024,4992,002900_TYM.pdf,15,37
000700,유수홀딩스,2024,4783,000700_유수홀딩스.pdf,14,30
031430,신세계인터내셔날,2024,3767,031430_신세계인터내셔날.pdf,12,28
004890,동일산업,2024,3356,004890_동일산업.pdf,12,29
014790,HL D&I,2024,4985,014790_HL D&I.pdf,17,35
028100,동아지질,2024,3301,028100_동아지질.pdf,14,36
[정정]009830,한화솔루션,2024,11294,[정정]009830_한화솔루션.pdf,58,98
[정정]005740,크라운해태홀딩스,2024,5312,[정정]005740_크라운해태홀딩스.pdf,35,57
010120,엘에스일렉트릭,2024,11664,010120_엘에스일렉트릭.pdf,8,58
000150,두산,2024,27855,000150_두산.pdf,23,109
090350,노루페인트,2024,5355,090350_노루페인트.pdf,12,30
353200,대덕전자,2024,2549,353200_대덕전자.pdf,16,29
105560,KB금융,2024,51394,105560_KB금융.pdf,9,214
000370,한화손해보험,2024,7083,000370_한화손해보험.pdf,4,38
005690,파미셀,2024,4683,005690_파미셀.pdf,11,31
000990,DB하이텍,2024,4610,000990_DB하이텍.pdf,20,38
[정정]298690,에어부산,2024,3574,[정정]298690_에어부산.pdf,20,36
453340,현대그린푸드,2024,4596,453340_현대그린푸드.pdf,14,33
138040,메리츠금융지주,2024,15711,138040_메리츠금융지주.pdf,25,95
069620,대웅제약,2024,14174,069620_대웅제약.pdf,5,80
352820,하이브,2024,15205,352820_하이브.pdf,6,54
013700,까뮤이앤씨,2024,5370,013700_까뮤이앤씨.pdf,14,36
014830,유니드,2024,6462,014830_유니드.pdf,19,47
[정정]000140,하이트진로홀딩스,2024,15263,[정정]000140_하이트진로홀딩스.pdf,8,81
047050,포스코인터내셔널,2024,13218,047050_포스코인터내셔널.pdf,6,53
003620,KG모빌리티,2024,6939,003620_KG모빌리티.pdf,17,52
032560,황금에스티,2024,2394,032560_황금에스티.pdf,13,22
[정정]192400,쿠쿠홀딩스,2024,4060,[정정]192400_쿠쿠홀딩스.pdf,17,34
003220,대원제약,2024,9002,003220_대원제약.pdf,14,53
306200,세아제강,2024,3146,306200_세아제강.pdf,10,24
[정정]005830,DB손해보험,2024,1139,[정정]005830_DB손해보험.pdf,2,10
003520,영진약품,2024,4842,003520_영진약품.pdf,10,29
004490,세방전지,2024,2666,004490_세방전지.pdf,14,28
000040,KR모터스,2024,4334,000040_KR모터스.pdf,12,27
[정정]000120,CJ대한통운,2024,5882,[정정]000120_CJ대한통운.pdf,92,112
000230,일동홀딩스,2024,14290,000230_일동홀딩스.pdf,15,72
161890,한국콜마,2024,14728,161890_한국콜마.pdf,18,67
006740,영풍제지,2024,2891,006740_영풍제지.pdf,13,27
071840,롯데하이마트,2024,3654,071840_롯데하이마트.pdf,25,37
016880,웅진,2024,14105,016880_웅진.pdf,23,67
[정정]008350,남선알미늄,2024,6843,[정정]008350_남선알미늄.pdf,19,45
348950,제이알글로벌리츠,2024,2431,348950_제이알글로벌리츠.pdf,4,24
012200,계양전기,2024,5158,012200_계양전기.pdf,5,27
085620,미래에셋생명,2024,3957,085620_미래에셋생명.pdf,6,24
001120,LX인터내셔널,2024,6938,001120_LX인터내셔널.pdf,21,48
[정정]011210,현대위아,2024,7239,[정정]011210_현대위아.pdf,172,197
033250,체시스,2024,2017,033250_체시스.pdf,10,18
013580,계룡건설산업,2024,10603,013580_계룡건설산업.pdf,9,49
002360,SH에너지화학,2024,3122,002360_SH에너지화학.pdf,10,24
069960,현대백화점,2024,12434,069960_현대백화점.pdf,7,62
002870,신풍,2024,1943,002870_신풍.pdf,23,31
064350,현대로템,2024,6566,064350_현대로템.pdf,16,39
006090,사조오양,2024,4484,006090_사조오양.pdf,15,41
006660,삼성공조,2024,5340,006660_삼성공조.pdf,16,45
120110,코오롱인더,2024,11952,120110_코오롱인더.pdf,23,60
[정정]010960,삼호개발,2024,2616,[정정]010960_삼호개발.pdf,17,28
012600,청호ICT,2024,3149,012600_청호ICT.pdf,17,31
007570,일양약품,2024,5868,007570_일양약품.pdf,14,43
010640,진양폴리우레탄,2024,2640,010640_진양폴리우레탄.pdf,5,17
000070,삼양홀딩스,2024,10204,000070_삼양홀딩스.pdf,17,54
365550,ESR켄달스퀘어리츠,2024,1552,365550_ESR켄달스퀘어리츠.pdf,11,23
009900,명신산업,2024,4574,009900_명신산업.pdf,15,38
007460,에이프로젠,2024,12461,007460_에이프로젠.pdf,59,115
025540,한국단자공업,2024,2382,025540_한국단자공업.pdf,11,23
004720,팜젠사이언스,2024,15953,004720_팜젠사이언스.pdf,5,80
108320,LX세미콘,2024,2274,108320_LX세미콘.pdf,11,21
105840,우진,2024,197,105840_우진.pdf,12,12
[정정]011170,롯데케미칼,2024,18146,[정정]011170_롯데케미칼.pdf,128,189
034310,NICE,2024,15119,034310_NICE.pdf,17,71
047400,유니온머티리얼,2024,5526,047400_유니온머티리얼.pdf,14,45
[정정]031440,신세계푸드,2024,6113,[정정]031440_신세계푸드.pdf,27,60
009160,SIMPAC,2024,4895,009160_SIMPAC.pdf,12,33
[정정]085620,미래에셋생명,2024,4679,[정정]085620_미래에셋생명.pdf,2,27
030200,케이티,2024,45301,030200_케이티.pdf,7,155
[정정]032830,삼성생명,2024,17707,[정정]032830_삼성생명.pdf,2,82
010580,에스엠벡셀,2024,6320,010580_에스엠벡셀.pdf,5,33
003960,사조대림,2024,6276,003960_사조대림.pdf,19,48
175330,JB금융지주,2024,28484,175330_JB금융지주.pdf,19,116
[정정]009270,신원,2024,3325,[정정]009270_신원.pdf,18,36
[정정]042670,HD현대인프라코어,2024,6210,[정정]042670_HD현대인프라코어.pdf,29,52
[정정]035720,카카오,2024,20523,[정정]035720_카카오.pdf,3,79
001040,CJ,2024,30933,001040_CJ.pdf,19,132
[정정]055550,신한지주,2024,37211,[정정]055550_신한지주.pdf,19,134
[정정]006360,GS건설,2024,0,[정정]006360_GS건설.pdf,4,4
[정정]015760,한국전력공사,2024,0,[정정]015760_한국전력공사.pdf,51,51
004450,삼화왕관,2024,3946,004450_삼화왕관.pdf,11,33
011930,신성이엔지,2024,1703,011930_신성이엔지.pdf,24,32
091090,세원이앤씨,2024,3950,091090_세원이앤씨.pdf,26,42
004800,효성,2024,6635,004800_효성.pdf,7,31
462520,조선내화,2024,3565,462520_조선내화.pdf,11,29
[정정]002140,고려산업,2024,4197,[정정]002140_고려산업.pdf,19,42
[정정]089470,HDC현대EP,2024,5408,[정정]089470_HDC현대EP.pdf,14,35
002710,TCC스틸,2024,4031,002710_TCC스틸.pdf,11,26
[정정]005820,원림,2024,4887,[정정]005820_원림.pdf,17,42
044450,KSS해운,2024,4071,044450_KSS해운.pdf,15,32
[정정]042660,한화오션,2024,7429,[정정]042660_한화오션.pdf,39,66
012450,한화에어로스페이스,2024,10420,012450_한화에어로스페이스.pdf,25,56
093230,이아이디,2024,4759,093230_이아이디.pdf,18,39
005850,에스엘,2024,5054,005850_에스엘.pdf,21,50
004090,한국석유공업,2024,5078,004090_한국석유공업.pdf,15,37
[정정]001270,부국증권,2024,8956,[정정]001270_부국증권.pdf,12,50
[정정]000270,기아,2024,7692,[정정]000270_기아.pdf,27,64
003570,SNT다이내믹스,2024,2959,003570_SNT다이내믹스.pdf,16,29
185750,종근당,2024,9174,185750_종근당.pdf,5,53
010400,우진아이엔에스,2024,6919,010400_우진아이엔에스.pdf,12,46
004980,성신양회,2024,4167,004980_성신양회.pdf,19,36
006890,태경케미컬,2024,2343,006890_태경케미컬.pdf,20,34
088260,이리츠코크렙,2024,322,088260_이리츠코크렙.pdf,13,18
006400,삼성SDI,2024,4600,006400_삼성SDI.pdf,15,33
011200,HMM,2024,5434,011200_HMM.pdf,18,39
241560,두산밥캣,2024,7083,241560_두산밥캣.pdf,14,41
001200,유진증권,2024,6076,001200_유진증권.pdf,15,41
005800,신영와코루,2024,3958,005800_신영와코루.pdf,6,25
012330,현대모비스,2024,7779,012330_현대모비스.pdf,23,50
006980,우성,2024,3322,006980_우성.pdf,13,30
[정정]069460,대호에이엘,2024,2,[정정]069460_대호에이엘.pdf,2,2
011780,금호석유화학,2024,12465,011780_금호석유화학.pdf,20,77
004360,세방,2024,4866,004360_세방.pdf,14,34
008110,대동전자,2024,1302,008110_대동전자.pdf,13,20
037560,LG헬로비전,2024,10400,037560_LG헬로비전.pdf,5,45
011700,한신기계공업,2024,2880,011700_한신기계공업.pdf,10,25
090370,메타랩스,2024,5314,090370_메타랩스.pdf,18,42
357120,코람코라이프인프라리츠,2024,4538,357120_코람코라이프인프라리츠.pdf,4,26
002810,삼영무역,2024,2588,002810_삼영무역.pdf,10,20
[정정]307950,현대오토에버,2024,7530,[정정]307950_현대오토에버.pdf,24,49
241590,화승엔터프라이즈,2024,8043,241590_화승엔터프라이즈.pdf,6,44
000540,흥국화재,2024,3997,000540_흥국화재.pdf,5,22
001800,오리온홀딩스,2024,15014,001800_오리온홀딩스.pdf,5,67
134380,미원화학,2024,2621,134380_미원화학.pdf,6,19
[정정]006260,LS,2024,22598,[정정]006260_LS.pdf,60,149
111770,영원무역,2024,0,111770_영원무역.pdf,-1,-1
012170,아센디오,2024,1091,012170_아센디오.pdf,17,23
[정정]011780,금호석유화학,2024,18913,[정정]011780_금호석유화학.pdf,3,87
286940,롯데이노베이트,2024,12881,286940_롯데이노베이트.pdf,6,52
[정정]003000,부광약품,2024,5291,[정정]003000_부광약품.pdf,44,71
058860,KTis,2024,6639,058860_KTis.pdf,19,42
004060,SG세계물산,2024,2316,004060_SG세계물산.pdf,18,29
[정정]009450,경동나비엔,2024,2700,[정정]009450_경동나비엔.pdf,30,43
[정정]000150,두산,2024,36690,[정정]000150_두산.pdf,29,145
003670,포스코퓨처엠,2024,6001,003670_포스코퓨처엠.pdf,21,41
012610,경인양행,2024,8398,012610_경인양행.pdf,6,37
[정정]012450,한화에어로스페이스,2024,10420,[정정]012450_한화에어로스페이스.pdf,83,114
004920,씨아이테크,2024,3924,004920_씨아이테크.pdf,12,27
282330,BGF리테일,2024,5335,282330_BGF리테일.pdf,19,43
064960,SNT모티브,2024,7044,064960_SNT모티브.pdf,22,58
138490,코오롱ENP,2024,5069,138490_코오롱ENP.pdf,13,34
007110,일신석재,2024,2545,007110_일신석재.pdf,9,24
069260,티케이지휴켐스,2024,2393,069260_티케이지휴켐스.pdf,13,24
002780,진흥기업,2024,3394,002780_진흥기업.pdf,13,25
068290,삼성출판사,2024,2590,068290_삼성출판사.pdf,11,21
[정정]357250,미래에셋맵스리츠,2024,766,[정정]357250_미래에셋맵스리츠.pdf,12,18
[정정]022100,포스코DX,2024,8194,[정정]022100_포스코DX.pdf,8,38
033270,유나이티드,2024,5074,033270_유나이티드.pdf,13,42
010820,퍼스텍,2024,3127,010820_퍼스텍.pdf,10,27
004440,삼일씨엔에스,2024,3390,004440_삼일씨엔에스.pdf,20,33
093050,LF,2024,11756,093050_LF.pdf,6,59
278470,에이피알,2024,8921,278470_에이피알.pdf,6,51
004430,송원산업,2024,5502,004430_송원산업.pdf,15,40
041650,상신브레이크,2024,5174,041650_상신브레이크.pdf,4,29
396690,미래에셋글로벌리츠,2024,1323,396690_미래에셋글로벌리츠.pdf,10,26
000430,대원강업,2024,3926,000430_대원강업.pdf,20,38
005750,대림비앤코,2024,5071,005750_대림비앤코.pdf,17,39
025000,KPX케미칼,2024,2183,025000_KPX케미칼.pdf,10,19
[정정]003690,코리안리,2024,5028,[정정]003690_코리안리.pdf,2,35
005320,국동,2024,2025,005320_국동.pdf,23,33
003580,HLB글로벌,2024,5415,003580_HLB글로벌.pdf,18,38
006200,한국전자홀딩스,2024,5989,006200_한국전자홀딩스.pdf,12,38
001380,SG글로벌,2024,3273,001380_SG글로벌.pdf,16,31
001530,디아이동일,2024,4418,001530_디아이동일.pdf,10,29
086280,현대글로비스,2024,8389,086280_현대글로비스.pdf,29,55
002600,조흥,2024,1437,002600_조흥.pdf,14,25
259960,크래프톤,2024,5810,259960_크래프톤.pdf,25,52
002630,오리엔트바이오,2024,6781,002630_오리엔트바이오.pdf,14,45
001140,국보,2024,6342,001140_국보.pdf,5,33
[정정]009310,참엔지니어링,2024,7779,[정정]009310_참엔지니어링.pdf,14,45
272210,한화시스템,2024,16495,272210_한화시스템.pdf,7,63
079430,현대리바트,2024,4723,079430_현대리바트.pdf,15,34
001250,GS글로벌,2024,6587,001250_GS글로벌.pdf,17,42
[정정]007610,선도전기,2024,0,[정정]007610_선도전기.pdf,2,2
075580,세진중공업,2024,2716,075580_세진중공업.pdf,21,38
003090,대웅,2024,4016,003090_대웅.pdf,5,24
293480,하나제약,2024,13455,293480_하나제약.pdf,6,57
[정정]034020,두산에너빌리티,2024,18462,[정정]034020_두산에너빌리티.pdf,25,82
004870,티웨이홀딩스,2024,6441,004870_티웨이홀딩스.pdf,5,35
465770,STX그린로지스,2024,1650,465770_STX그린로지스.pdf,10,17
084670,동양고속,2024,2336,084670_동양고속.pdf,13,22
003300,한일홀딩스,2024,10069,003300_한일홀딩스.pdf,14,51
010690,화신,2024,3430,010690_화신.pdf,18,35
338100,NH프라임리츠,2024,1042,338100_NH프라임리츠.pdf,9,22
007690,국도화학,2024,5192,007690_국도화학.pdf,21,47
001740,SK네트웍스,2024,13757,001740_SK네트웍스.pdf,6,57
[정정]088350,한화생명,2024,21666,[정정]088350_한화생명.pdf,29,125
000080,하이트진로,2024,12219,000080_하이트진로.pdf,23,78
036530,SNT홀딩스,2024,9334,036530_SNT홀딩스.pdf,17,54
007070,GS리테일,2024,19630,007070_GS리테일.pdf,8,79
009810,플레이그램,2024,2772,009810_플레이그램.pdf,30,41
001360,삼성제약,2024,5964,001360_삼성제약.pdf,12,37
251270,넷마블,2024,2654,251270_넷마블.pdf,27,39
002700,신일전자,2024,1964,002700_신일전자.pdf,11,23
[정정]001340,백광산업,2024,893,[정정]001340_백광산업.pdf,2,3
317400,자이에스앤디,2024,8411,317400_자이에스앤디.pdf,24,62
004840,DRB동일,2024,6312,004840_DRB동일.pdf,4,33
096760,JW홀딩스,2024,16270,096760_JW홀딩스.pdf,11,73
002620,제일파마홀딩스,2024,6410,002620_제일파마홀딩스.pdf,15,54
192820,코스맥스,2024,4235,192820_코스맥스.pdf,15,33
003350,한국화장품제조,2024,1958,003350_한국화장품제조.pdf,10,20
016360,삼성증권,2024,7749,016360_삼성증권.pdf,25,59
025750,한솔홈데코,2024,6036,025750_한솔홈데코.pdf,17,46
192650,드림텍,2024,5984,192650_드림텍.pdf,18,48
000970,한국주철관공업,2024,4903,000970_한국주철관공업.pdf,5,29
035250,강원랜드,2024,3295,035250_강원랜드.pdf,13,24
267260,HD현대일렉트릭,2024,5806,267260_HD현대일렉트릭.pdf,22,53
267270,HD현대건설기계,2024,3817,267270_HD현대건설기계.pdf,21,37
073240,금호타이어,2024,3135,073240_금호타이어.pdf,17,32
[정정]020560,아시아나항공,2024,7802,[정정]020560_아시아나항공.pdf,46,76
092790,넥스틸,2024,3422,092790_넥스틸.pdf,14,29
008250,이건산업,2024,4589,008250_이건산업.pdf,12,32
020760,일진디스플,2024,4223,020760_일진디스플.pdf,13,29
010950,S-Oil,2024,7267,010950_S-Oil.pdf,29,64
019490,하이트론씨스템즈,2024,1647,019490_하이트론씨스템즈.pdf,14,23
005490,POSCO홀딩스,2024,25232,005490_POSCO홀딩스.pdf,42,129
030610,교보증권,2024,5844,030610_교보증권.pdf,18,41
004830,덕성,2024,4766,004830_덕성.pdf,12,36
[정정]004690,삼천리,2024,11987,[정정]004690_삼천리.pdf,75,121
009310,참엔지니어링,2024,7779,009310_참엔지니어링.pdf,11,42
[정정]071970,STX중공업,2024,8270,[정정]071970_STX중공업.pdf,2,48
002410,범양건영,2024,2596,002410_범양건영.pdf,18,29
003240,태광산업,2024,3779,003240_태광산업.pdf,15,35
450080,에코프로머티,2024,4753,450080_에코프로머티.pdf,15,36
004710,한솔테크닉스,2024,10414,004710_한솔테크닉스.pdf,24,59
034230,파라다이스,2024,4262,034230_파라다이스.pdf,5,23
[정정]000680,LS네트웍스,2024,7214,[정정]000680_LS네트웍스.pdf,20,47
285130,SK케미칼,2024,6724,285130_SK케미칼.pdf,5,29
361610,SK아이이테크놀로지,2024,4907,361610_SK아이이테크놀로지.pdf,6,27
363280,티와이홀딩스,2024,32150,363280_티와이홀딩스.pdf,19,130
129260,인터지스,2024,4107,129260_인터지스.pdf,16,32
010130,고려아연,2024,12846,010130_고려아연.pdf,14,64
007860,서연,2024,5312,007860_서연.pdf,5,30
014530,극동유화,2024,4567,014530_극동유화.pdf,12,33
010770,평화홀딩스,2024,2513,010770_평화홀딩스.pdf,21,33
010660,화천기계,2024,4705,010660_화천기계.pdf,11,36
083420,그린케미칼,2024,6313,083420_그린케미칼.pdf,5,28
[정정]004800,효성,2024,6635,[정정]004800_효성.pdf,26,50
007980,TP,2024,4003,007980_TP.pdf,15,32
021240,코웨이,2024,4561,021240_코웨이.pdf,17,34
008700,아남전자,2024,3463,008700_아남전자.pdf,11,26
001500,현대차증권,2024,4180,001500_현대차증권.pdf,19,37
018670,SK가스,2024,12435,018670_SK가스.pdf,6,61
035420,NAVER,2024,10999,035420_NAVER.pdf,17,54
450140,코오롱모빌리티그룹,2024,4154,450140_코오롱모빌리티그룹.pdf,11,30
000050,경방,2024,2963,000050_경방.pdf,10,23
000950,전방,2024,3436,000950_전방.pdf,10,23
011500,한농화성,2024,4371,011500_한농화성.pdf,5,25
001940,KISCO홀딩스,2024,5468,001940_KISCO홀딩스.pdf,15,41
016450,한세예스24홀딩스,2024,12745,016450_한세예스24홀딩스.pdf,6,67
005880,대한해운,2024,4729,005880_대한해운.pdf,22,39
090460,비에이치,2024,4251,090460_비에이치.pdf,14,31
004970,신라교역,2024,3150,004970_신라교역.pdf,13,34
039130,하나투어,2024,1529,039130_하나투어.pdf,5,12
004690,삼천리,2024,11987,004690_삼천리.pdf,16,62
006370,대구백화점,2024,2069,006370_대구백화점.pdf,15,28
091810,티웨이항공,2024,10654,091810_티웨이항공.pdf,8,54
001210,금호전기,2024,4170,001210_금호전기.pdf,20,38
107590,미원홀딩스,2024,7659,107590_미원홀딩스.pdf,14,46
112610,씨에스윈드,2024,3584,112610_씨에스윈드.pdf,12,26
316140,우리금융지주,2024,28439,316140_우리금융지주.pdf,30,141
033240,자화전자,2024,3909,033240_자화전자.pdf,8,22
109070,주성코퍼레이션,2024,7330,109070_주성코퍼레이션.pdf,17,42
[정정]272210,한화시스템,2024,16495,[정정]272210_한화시스템.pdf,59,115
012750,에스원,2024,898,012750_에스원.pdf,13,15
023350,한국종합기술,2024,3471,023350_한국종합기술.pdf,18,33
000220,유유제약,2024,4853,000220_유유제약.pdf,16,40
[정정]030210,다올투자증권,2024,9027,[정정]030210_다올투자증권.pdf,24,60
025620,제이준코스메틱,2024,7098,025620_제이준코스메틱.pdf,5,38
011000,진원생명과학,2024,20943,011000_진원생명과학.pdf,18,75
003280,흥아해운,2024,2997,003280_흥아해운.pdf,11,25
008930,한미사이언스,2024,6660,008930_한미사이언스.pdf,10,37
012030,DB,2024,4312,012030_DB.pdf,13,30
084690,대상홀딩스,2024,17208,084690_대상홀딩스.pdf,28,97
210980,SK디앤디,2024,7238,210980_SK디앤디.pdf,29,55
002220,한일철강,2024,4634,002220_한일철강.pdf,12,32
271980,제일약품,2024,5229,271980_제일약품.pdf,11,40
030210,다올투자증권,2024,9027,030210_다올투자증권.pdf,21,57
071970,STX중공업,2024,5078,071970_STX중공업.pdf,17,45
092440,기신정기,2024,1694,092440_기신정기.pdf,10,18
011210,현대위아,2024,7239,011210_현대위아.pdf,19,44
034730,SK,2024,9970,034730_SK.pdf,20,61
[정정]001250,GS글로벌,2024,6587,[정정]001250_GS글로벌.pdf,22,47
[정정]450080,에코프로머티,2024,8461,[정정]450080_에코프로머티.pdf,2,42
007610,선도전기,2024,0,007610_선도전기.pdf,-1,-1
[정정]017390,서울도시가스,2024,3216,[정정]017390_서울도시가스.pdf,19,38
[정정]023960,에쓰씨엔지니어링,2024,4115,[정정]023960_에쓰씨엔지니어링.pdf,23,40
005030,부산주공,2024,3945,005030_부산주공.pdf,5,30
008770,호텔신라,2024,3450,008770_호텔신라.pdf,18,43
003650,미창석유공업,2024,2673,003650_미창석유공업.pdf,14,26
000180,성창기업지주,2024,7388,000180_성창기업지주.pdf,18,45
027970,한국제지,2024,4220,027970_한국제지.pdf,16,45
001340,백광산업,2024,4237,001340_백광산업.pdf,5,26
004020,현대제철,2024,5875,004020_현대제철.pdf,18,40
[정정]138040,메리츠금융지주,2024,15708,[정정]138040_메리츠금융지주.pdf,27,97
336260,두산퓨얼셀,2024,2275,336260_두산퓨얼셀.pdf,17,25
001570,금양,2024,4782,001570_금양.pdf,30,47
006390,한일현대시멘트,2024,4942,006390_한일현대시멘트.pdf,18,36
071090,하이스틸,2024,4681,071090_하이스틸.pdf,14,38
022100,포스코DX,2024,8194,022100_포스코DX.pdf,6,36
093370,후성,2024,3401,093370_후성.pdf,5,20
005720,넥센,2024,6613,005720_넥센.pdf,15,44
035000,HS애드,2024,2069,035000_HS애드.pdf,23,31
032350,롯데관광개발,2024,6294,032350_롯데관광개발.pdf,8,34
[정정]009240,한샘,2024,7664,[정정]009240_한샘.pdf,10,41
[정정]204320,HL만도,2024,8099,[정정]204320_HL만도.pdf,21,50
012800,대창,2024,5058,012800_대창.pdf,19,45
000590,CS홀딩스,2024,2611,000590_CS홀딩스.pdf,9,22
033530,에스제이지세종,2024,5962,033530_에스제이지세종.pdf,16,38
[정정]282330,BGF리테일,2024,5335,[정정]282330_BGF리테일.pdf,43,67
031440,신세계푸드,2024,6113,031440_신세계푸드.pdf,23,56
[정정]138490,코오롱ENP,2024,5069,[정정]138490_코오롱ENP.pdf,15,36
049800,우진플라임,2024,3505,049800_우진플라임.pdf,12,28
057050,현대홈쇼핑,2024,17706,057050_현대홈쇼핑.pdf,24,98
002350,넥센타이어,2024,6155,002350_넥센타이어.pdf,16,43
267850,아시아나IDT,2024,5177,267850_아시아나IDT.pdf,5,30
003920,남양유업,2024,2277,003920_남양유업.pdf,12,22
004150,한솔홀딩스,2024,12971,004150_한솔홀딩스.pdf,6,77
298690,에어부산,2024,3559,298690_에어부산.pdf,15,32
020120,키다리스튜디오,2024,4685,020120_키다리스튜디오.pdf,16,34
[정정]000990,DB하이텍,2024,4610,[정정]000990_DB하이텍.pdf,39,57
446070,유니드비티플러스,2024,3311,446070_유니드비티플러스.pdf,12,31
014580,태경비케이,2024,4580,014580_태경비케이.pdf,21,46
003010,혜인,2024,639,003010_혜인.pdf,7,9
016590,신대양제지,2024,2496,016590_신대양제지.pdf,18,35
016380,KG스틸,2024,4404,016380_KG스틸.pdf,17,37
[정정]000540,흥국화재,2024,4456,[정정]000540_흥국화재.pdf,2,25
006380,카프로,2024,2190,006380_카프로.pdf,25,39
095570,AJ네트웍스,2024,10268,095570_AJ네트웍스.pdf,4,41
[정정]161890,한국콜마,2024,18838,[정정]161890_한국콜마.pdf,2,71
183190,아세아시멘트,2024,7664,183190_아세아시멘트.pdf,14,43
058430,포스코스틸리온,2024,1925,058430_포스코스틸리온.pdf,11,19
118000,에스메디,2024,7388,118000_에스메디.pdf,29,61
105630,한세실업,2024,2632,105630_한세실업.pdf,17,31
002790,아모레퍼시픽그룹,2024,10798,002790_아모레퍼시픽그룹.pdf,7,47
011810,STX,2024,4194,011810_STX.pdf,14,30
020150,롯데에너지머티리얼즈,2024,3232,020150_롯데에너지머티리얼즈.pdf,19,34
267250,HD현대,2024,44027,267250_HD현대.pdf,37,193
[정정]214330,금호에이치티,2024,12818,[정정]214330_금호에이치티.pdf,27,87
[정정]180640,한진칼,2024,14699,[정정]180640_한진칼.pdf,13,80
002320,한진,2024,3218,002320_한진.pdf,28,45
084870,티비에이치글로벌,2024,2527,084870_티비에이치글로벌.pdf,12,26
000100,유한양행,2024,8548,000100_유한양행.pdf,16,56
000480,시알홀딩스,2024,6046,000480_시알홀딩스.pdf,21,50
001510,SK증권,2024,5623,001510_SK증권.pdf,22,52
003160,디아이,2024,10713,003160_디아이.pdf,6,53
009140,경인전자,2024,4754,009140_경인전자.pdf,17,37
051900,LG생활건강,2024,1694,051900_LG생활건강.pdf,20,25
042660,한화오션,2024,7429,042660_한화오션.pdf,23,50
372910,한컴라이프케어,2024,5904,372910_한컴라이프케어.pdf,18,45
014680,한솔케미칼,2024,5049,014680_한솔케미칼.pdf,5,28
006840,AK홀딩스,2024,18765,006840_AK홀딩스.pdf,11,75
000210,DL,2024,21811,000210_DL.pdf,21,108
009200,무림페이퍼,2024,9562,009200_무림페이퍼.pdf,5,47
024900,덕양산업,2024,2608,024900_덕양산업.pdf,10,23
089470,HDC현대EP,2024,5408,089470_HDC현대EP.pdf,11,32
002140,고려산업,2024,4197,002140_고려산업.pdf,13,36
051630,진양화학,2024,1783,051630_진양화학.pdf,9,18
003080,성보화학,2024,2073,003080_성보화학.pdf,19,29
009540,HD한국조선해양,2024,12439,009540_HD한국조선해양.pdf,33,93
006360,GS건설,2024,18770,006360_GS건설.pdf,26,87
004310,현대약품,2024,4378,004310_현대약품.pdf,11,33
055550,신한지주,2024,37241,055550_신한지주.pdf,15,130
058730,다스코,2024,14598,058730_다스코.pdf,15,78
092780,동양피스톤,2024,3683,092780_동양피스톤.pdf,12,28
210540,디와이파워,2024,3608,210540_디와이파워.pdf,13,31
003000,부광약품,2024,5291,003000_부광약품.pdf,20,47
002100,경농,2024,4040,002100_경농.pdf,17,37
015760,한국전력공사,2024,0,015760_한국전력공사.pdf,7,7
013870,지엠비코리아,2024,6687,013870_지엠비코리아.pdf,10,37
004100,태양금속공업,2024,2554,004100_태양금속공업.pdf,12,23
011420,갤럭시아에스엠,2024,1209,011420_갤럭시아에스엠.pdf,15,23
234080,JW생명과학,2024,4245,234080_JW생명과학.pdf,9,31
005010,휴스틸,2024,5076,005010_휴스틸.pdf,5,26
072710,농심홀딩스,2024,20916,072710_농심홀딩스.pdf,5,84
003070,코오롱글로벌,2024,5110,003070_코오롱글로벌.pdf,21,39
137310,에스디바이오센서,2024,6820,137310_에스디바이오센서.pdf,10,35
[정정]025540,한국단자공업,2024,2382,[정정]025540_한국단자공업.pdf,13,25
[정정]129260,인터지스,2024,4107,[정정]129260_인터지스.pdf,18,34
[정정]010130,고려아연,2024,12846,[정정]010130_고려아연.pdf,17,67
005810,풍산홀딩스,2024,7088,005810_풍산홀딩스.pdf,13,39
067830,세이브존I&C,2024,4420,067830_세이브존I&C.pdf,5,28
417310,코람코더원리츠,2024,2569,417310_코람코더원리츠.pdf,4,25
012160,영흥,2024,7209,012160_영흥.pdf,17,44
[정정]011090,에넥스,2024,3450,[정정]011090_에넥스.pdf,17,44
005830,DB손해보험,2024,7609,005830_DB손해보험.pdf,21,53
[정정]139130,DGB금융지주,2024,19503,[정정]139130_DGB금융지주.pdf,30,107
350520,이지스레지던스리츠,2024,921,350520_이지스레지던스리츠.pdf,14,35
002030,아세아,2024,11809,002030_아세아.pdf,14,67
298050,효성첨단소재,2024,5933,298050_효성첨단소재.pdf,12,34
010960,삼호개발,2024,2616,010960_삼호개발.pdf,14,25
017960,한국카본,2024,4691,017960_한국카본.pdf,17,36
001720,신영증권,2024,5547,001720_신영증권.pdf,16,41
003690,코리안리,2024,2299,003690_코리안리.pdf,18,33
015360,예스코홀딩스,2024,2874,015360_예스코홀딩스.pdf,14,27
[정정]003070,코오롱글로벌,2024,5110,[정정]003070_코오롱글로벌.pdf,39,57
002150,도화엔지니어링,2024,4219,002150_도화엔지니어링.pdf,27,43
074610,이엔플러스,2024,4231,074610_이엔플러스.pdf,15,37
032830,삼성생명,2024,13526,032830_삼성생명.pdf,17,75
104700,한국철강,2024,2852,104700_한국철강.pdf,12,26
[정정]013890,지누스,2024,4414,[정정]013890_지누스.pdf,17,37
[정정]175330,JB금융지주,2024,28484,[정정]175330_JB금융지주.pdf,29,126
003550,LG,2024,34086,003550_LG.pdf,39,162
244920,에이플러스에셋,2024,7222,244920_에이플러스에셋.pdf,12,39
001270,부국증권,2024,8956,001270_부국증권.pdf,7,45
214320,이노션,2024,5563,214320_이노션.pdf,16,33
008260,NI스틸,2024,5986,008260_NI스틸.pdf,13,41
[정정]241560,두산밥캣,2024,7083,[정정]241560_두산밥캣.pdf,37,64
012690,모나리자,2024,2461,012690_모나리자.pdf,16,32
003830,대한화섬,2024,1651,003830_대한화섬.pdf,11,20
004960,한신공영,2024,4426,004960_한신공영.pdf,24,41
024720,콜마홀딩스,2024,20635,024720_콜마홀딩스.pdf,17,89
034590,인천도시가스,2024,1976,034590_인천도시가스.pdf,14,22
011170,롯데케미칼,2024,18146,011170_롯데케미칼.pdf,9,70
[정정]012330,현대모비스,2024,7779,[정정]012330_현대모비스.pdf,27,54
000650,천일고속,2024,450,000650_천일고속.pdf,10,13
051910,LG화학,2024,11276,051910_LG화학.pdf,18,63
[정정]007070,GS리테일,2024,19598,[정정]007070_GS리테일.pdf,83,154
069460,대호에이엘,2024,3648,069460_대호에이엘.pdf,18,34
[정정]009900,명신산업,2024,4574,[정정]009900_명신산업.pdf,23,46
[정정]381970,케이카,2024,6875,[정정]381970_케이카.pdf,2,36
013000,세우글로벌,2024,1749,013000_세우글로벌.pdf,10,18
005360,모나미,2024,4129,005360_모나미.pdf,14,33
014130,한익스프레스,2024,5944,014130_한익스프레스.pdf,12,39
[정정]161390,한국타이어앤테크놀로지,2024,6696,[정정]161390_한국타이어앤테크놀로지.pdf,27,58
026940,부국철강,2024,2010,026940_부국철강.pdf,9,21
336370,솔루스첨단소재,2024,828,336370_솔루스첨단소재.pdf,14,16
018250,애경산업,2024,4301,018250_애경산업.pdf,12,25
280360,롯데웰푸드,2024,8857,280360_롯데웰푸드.pdf,19,46
[정정]012170,아센디오,2024,1091,[정정]012170_아센디오.pdf,19,25
[정정]073240,금호타이어,2024,3135,[정정]073240_금호타이어.pdf,22,37
015890,태경산업,2024,5882,015890_태경산업.pdf,18,52
024090,디씨엠,2024,3440,024090_디씨엠.pdf,12,28
024890,대원화성,2024,3633,024890_대원화성.pdf,11,28
003850,보령,2024,8848,003850_보령.pdf,6,58
[정정]298040,효성중공업,2024,6275,[정정]298040_효성중공업.pdf,28,49
[정정]105560,KB금융,2024,51437,[정정]105560_KB금융.pdf,12,218
[정정]003240,태광산업,2024,3779,[정정]003240_태광산업.pdf,305,325
460850,동국씨엠,2024,577,460850_동국씨엠.pdf,5,8
017800,현대엘리베이터,2024,10347,017800_현대엘리베이터.pdf,5,48
004700,조광피혁,2024,2256,004700_조광피혁.pdf,9,20
004370,농심,2024,9725,004370_농심.pdf,6,48
034020,두산에너빌리티,2024,18462,034020_두산에너빌리티.pdf,19,76
023810,인팩,2024,4151,023810_인팩.pdf,13,40
001060,JW중외제약,2024,8023,001060_JW중외제약.pdf,12,41
005950,이수화학,2024,10931,005950_이수화학.pdf,17,61
[정정]002020,코오롱,2024,9013,[정정]002020_코오롱.pdf,23,61
293940,신한알파리츠,2024,862,293940_신한알파리츠.pdf,12,19
400760,NH올원리츠,2024,1384,400760_NH올원리츠.pdf,11,27
000680,LS네트웍스,2024,7214,000680_LS네트웍스.pdf,17,44
007340,DN오토모티브,2024,3822,007340_DN오토모티브.pdf,5,22
[정정]086790,하나금융지주,2024,22793,[정정]086790_하나금융지주.pdf,30,109
025860,남해화학,2024,3091,025860_남해화학.pdf,11,27
014440,영보화학,2024,3387,014440_영보화학.pdf,11,27
079980,휴비스,2024,3802,079980_휴비스.pdf,5,21
[정정]462520,조선내화,2024,3565,[정정]462520_조선내화.pdf,13,31
004770,써니전자,2024,2606,004770_써니전자.pdf,12,22
207940,삼성바이오로직스,2024,8524,207940_삼성바이오로직스.pdf,19,52
192400,쿠쿠홀딩스,2024,4060,192400_쿠쿠홀딩스.pdf,14,31
001770,SHD,2024,1851,001770_SHD.pdf,9,18
003470,유안타증권,2024,7562,003470_유안타증권.pdf,18,49
019680,대교,2024,9960,019680_대교.pdf,6,44
011330,유니켐,2024,0,011330_유니켐.pdf,-1,-1
122900,아이마켓코리아,2024,4045,122900_아이마켓코리아.pdf,16,30
[정정]079430,현대리바트,2024,4723,[정정]079430_현대리바트.pdf,18,37
003530,한화투자증권,2024,11968,003530_한화투자증권.pdf,29,77
035510,신세계I&C,2024,3994,035510_신세계I&C.pdf,18,35
145990,삼양사,2024,8466,145990_삼양사.pdf,18,55
025530,에스제이엠홀딩스,2024,7598,025530_에스제이엠홀딩스.pdf,17,57
088350,한화생명,2024,21673,088350_한화생명.pdf,26,122
298020,효성티앤씨,2024,6890,298020_효성티앤씨.pdf,18,38
053690,한미글로벌,2024,5138,053690_한미글로벌.pdf,12,30
161390,한국타이어앤테크놀로지,2024,6696,161390_한국타이어앤테크놀로지.pdf,22,53
000520,삼일제약,2024,4757,000520_삼일제약.pdf,14,37
015860,일진홀딩스,2024,14477,015860_일진홀딩스.pdf,11,67
[정정]004890,동일산업,2024,3356,[정정]004890_동일산업.pdf,17,34
081000,일진다이아,2024,10502,081000_일진다이아.pdf,15,53
[정정]000670,영풍,2024,8032,[정정]000670_영풍.pdf,24,50
007540,샘표,2024,3978,007540_샘표.pdf,5,23
029780,삼성카드,2024,3941,029780_삼성카드.pdf,32,49
272550,삼양패키징,2024,5298,272550_삼양패키징.pdf,5,26
011090,에넥스,2024,3450,011090_에넥스.pdf,15,42
009580,무림P&P,2024,9067,009580_무림P&P.pdf,5,46
[정정]352820,하이브,2024,15205,[정정]352820_하이브.pdf,22,70
008420,문배철강,2024,3925,008420_문배철강.pdf,13,34
010100,한국무브넥스,2024,2088,010100_한국무브넥스.pdf,13,22
066570,LG전자,2024,11018,066570_LG전자.pdf,26,64
037710,광주신세계,2024,771,037710_광주신세계.pdf,21,24
[정정]049800,우진플라임,2024,3505,[정정]049800_우진플라임.pdf,42,58
017670,SK텔레콤,2024,7390,017670_SK텔레콤.pdf,26,55
006880,신송홀딩스,2024,1735,006880_신송홀딩스.pdf,15,21
900140,엘브이엠씨,2024,5863,900140_엘브이엠씨.pdf,12,29
079550,LIG넥스원,2024,8137,079550_LIG넥스원.pdf,6,39
094280,효성 ITX,2024,8376,094280_효성 ITX.pdf,5,36
049770,동원F&B,2024,4894,049770_동원F&B.pdf,26,49
036570,엔씨소프트,2024,3670,036570_엔씨소프트.pdf,14,30
[정정]344820,케이씨씨글라스,2024,3988,[정정]344820_케이씨씨글라스.pdf,50,73
[정정]249420,일동제약,2024,7633,[정정]249420_일동제약.pdf,12,47
[정정]086280,현대글로비스,2024,8389,[정정]086280_현대글로비스.pdf,172,198
047040,대우건설,2024,11346,047040_대우건설.pdf,17,51
012630,HDC,2024,20118,012630_HDC.pdf,15,88
115390,락앤락,2024,2634,115390_락앤락.pdf,12,23
375500,DL이앤씨,2024,7794,375500_DL이앤씨.pdf,25,55
300720,한일시멘트,2024,9251,300720_한일시멘트.pdf,32,65
004540,깨끗한나라,2024,3149,004540_깨끗한나라.pdf,15,29
003540,대신증권,2024,17035,003540_대신증권.pdf,30,96
019440,세아특수강,2024,3674,019440_세아특수강.pdf,14,29
[정정]005420,코스모화학,2024,9712,[정정]005420_코스모화학.pdf,2,49
001820,삼화콘덴서공업,2024,4040,001820_삼화콘덴서공업.pdf,11,30
009290,광동제약,2024,5216,009290_광동제약.pdf,22,50
126720,수산인더스트리,2024,3955,126720_수산인더스트리.pdf,14,29
023000,삼원강재,2024,6521,023000_삼원강재.pdf,6,38
[정정]363280,티와이홀딩스,2024,32150,[정정]363280_티와이홀딩스.pdf,22,133
078520,에이블씨엔씨,2024,3688,078520_에이블씨엔씨.pdf,14,30
028050,삼성E&A,2024,9167,028050_삼성E&A.pdf,6,46
063160,종근당바이오,2024,9069,063160_종근당바이오.pdf,5,42
072130,유엔젤,2024,5253,072130_유엔젤.pdf,15,33
111110,호전실업,2024,6745,111110_호전실업.pdf,5,31
034120,SBS,2024,6252,034120_SBS.pdf,12,42
284740,쿠쿠홈시스,2024,3439,284740_쿠쿠홈시스.pdf,14,27
[정정]001470,삼부토건,2024,4469,[정정]001470_삼부토건.pdf,18,33
[정정]214320,이노션,2024,5563,[정정]214320_이노션.pdf,22,39
007660,이수페타시스,2024,4456,007660_이수페타시스.pdf,12,38
097520,엠씨넥스,2024,6524,097520_엠씨넥스.pdf,13,40
030000,제일기획,2024,2493,030000_제일기획.pdf,12,23
003030,세아제강지주,2024,3491,003030_세아제강지주.pdf,19,34
344820,케이씨씨글라스,2024,3988,344820_케이씨씨글라스.pdf,32,55
011760,현대코퍼레이션,2024,4897,011760_현대코퍼레이션.pdf,18,38
214330,금호에이치티,2024,12818,214330_금호에이치티.pdf,20,80
195870,해성디에스,2024,5085,195870_해성디에스.pdf,12,34
377190,디앤디플랫폼리츠,2024,1305,377190_디앤디플랫폼리츠.pdf,13,21
226320,잇츠한불,2024,3983,226320_잇츠한불.pdf,5,24
020560,아시아나항공,2024,7802,020560_아시아나항공.pdf,22,52
[정정]000480,시알홀딩스,2024,6046,[정정]000480_시알홀딩스.pdf,23,52
010600,웰바이오텍,2024,0,010600_웰바이오텍.pdf,-1,-1
016740,두올,2024,5058,016740_두올.pdf,11,30
136490,선진,2024,7115,136490_선진.pdf,14,64
077970,STX엔진,2024,5199,077970_STX엔진.pdf,13,34
[정정]028260,삼성물산,2024,13673,[정정]028260_삼성물산.pdf,56,121
103140,풍산,2024,5447,103140_풍산.pdf,13,33
000300,대유플러스,2024,8609,000300_대유플러스.pdf,15,49
009190,대양금속,2024,6720,009190_대양금속.pdf,5,36
016090,대현,2024,2294,016090_대현.pdf,10,20
451800,한화리츠,2024,2042,451800_한화리츠.pdf,10,30
001450,현대해상,2024,4100,001450_현대해상.pdf,13,33
383220,F&F,2024,4342,383220_F&F.pdf,13,28
004250,엔피씨,2024,3712,004250_엔피씨.pdf,15,36
035720,카카오,2024,619,035720_카카오.pdf,28,29
003460,유화증권,2024,2496,003460_유화증권.pdf,12,28
123890,한국자산신탁,2024,5018,123890_한국자산신탁.pdf,13,31
009270,신원,2024,3325,009270_신원.pdf,15,33
155660,DSR,2024,4984,155660_DSR.pdf,10,29
457190,이수스페셜티케미컬,2024,2593,457190_이수스페셜티케미컬.pdf,14,28
[정정]066970,엘앤에프,2024,5291,[정정]066970_엘앤에프.pdf,23,46
[정정]030200,케이티,2024,45301,[정정]030200_케이티.pdf,9,157
005070,코스모신소재,2024,2617,005070_코스모신소재.pdf,12,23
002020,코오롱,2024,9013,002020_코오롱.pdf,18,56
008060,대덕,2024,5782,008060_대덕.pdf,15,47
003480,한진중공업홀딩스,2024,7983,003480_한진중공업홀딩스.pdf,15,55
002460,HS화성,2024,5551,002460_HS화성.pdf,5,30
002390,한독,2024,8198,002390_한독.pdf,16,62
007310,오뚜기,2024,5758,007310_오뚜기.pdf,41,79
036460,한국가스공사,2024,10785,036460_한국가스공사.pdf,19,56
145720,덴티움,2024,6529,145720_덴티움.pdf,15,47
001130,대한제분,2024,4155,001130_대한제분.pdf,19,39
008600,윌비스,2024,2275,008600_윌비스.pdf,12,25
[정정]001290,상상인증권,2024,2992,[정정]001290_상상인증권.pdf,17,32
000270,기아,2024,7692,000270_기아.pdf,22,59
025560,미래산업,2024,2465,025560_미래산업.pdf,48,59
[정정]069640,한세엠케이,2024,6704,[정정]069640_한세엠케이.pdf,7,35
000640,동아쏘시오홀딩스,2024,9087,000640_동아쏘시오홀딩스.pdf,5,41
006110,삼아알미늄,2024,3209,006110_삼아알미늄.pdf,14,37
078930,GS,2024,33148,078930_GS.pdf,42,169
[정정]008500,일정실업,2024,2336,[정정]008500_일정실업.pdf,12,24
042700,한미반도체,2024,3004,042700_한미반도체.pdf,13,27
001290,상상인증권,2024,2992,001290_상상인증권.pdf,13,28
[정정]084690,대상홀딩스,2024,17208,[정정]084690_대상홀딩스.pdf,31,100
024110,기업은행,2024,9500,024110_기업은행.pdf,26,69
[정정]036460,한국가스공사,2024,10785,[정정]036460_한국가스공사.pdf,45,82
017940,E1,2024,15113,017940_E1.pdf,6,60
[정정]017370,우신시스템,2024,7001,[정정]017370_우신시스템.pdf,8,46
089860,롯데렌탈,2024,4500,089860_롯데렌탈.pdf,23,39
395400,SK리츠,2024,4783,395400_SK리츠.pdf,13,39
017390,서울도시가스,2024,3216,017390_서울도시가스.pdf,17,36
017900,광전자,2024,5460,017900_광전자.pdf,11,37
014910,성문전자,2024,4196,014910_성문전자.pdf,5,28
007210,벽산,2024,7323,007210_벽산.pdf,12,40
[정정]032640,LG유플러스,2024,13199,[정정]032640_LG유플러스.pdf,57,108
[정정]130660,한전산업,2024,3378,[정정]130660_한전산업.pdf,17,32
015260,에이엔피,2024,2770,015260_에이엔피.pdf,18,35
011070,LG이노텍,2024,1186,011070_LG이노텍.pdf,18,22
028670,팬오션,2024,5020,028670_팬오션.pdf,13,30
047810,한국항공우주,2024,11168,047810_한국항공우주.pdf,16,61
005180,빙그레,2024,2243,005180_빙그레.pdf,11,21
138930,BNK금융지주,2024,30369,138930_BNK금융지주.pdf,23,143
006650,대한유화,2024,4342,006650_대한유화.pdf,16,35
009150,삼성전기,2024,7409,009150_삼성전기.pdf,6,39
178920,PI첨단소재,2024,6452,178920_PI첨단소재.pdf,5,27
018880,한온시스템,2024,10866,018880_한온시스템.pdf,6,47
[정정]010060,OCI홀딩스,2024,10745,[정정]010060_OCI홀딩스.pdf,35,91
058650,세아홀딩스,2024,3634,058650_세아홀딩스.pdf,23,40
018500,동원금속,2024,1628,018500_동원금속.pdf,11,18
089590,제주항공,2024,4483,089590_제주항공.pdf,15,32
452260,한화갤러리아,2024,5274,452260_한화갤러리아.pdf,5,31
013570,디와이,2024,14448,013570_디와이.pdf,15,85
009680,모토닉,2024,3613,009680_모토닉.pdf,15,33
101140,인바이오젠,2024,2271,101140_인바이오젠.pdf,46,57
008730,율촌화학,2024,6454,008730_율촌화학.pdf,5,32
019170,신풍제약,2024,4242,019170_신풍제약.pdf,18,37
023530,롯데쇼핑,2024,14802,023530_롯데쇼핑.pdf,25,73
004410,서울식품공업,2024,4908,004410_서울식품공업.pdf,15,34
016800,퍼시스,2024,3366,016800_퍼시스.pdf,13,29
200880,서연이화,2024,5357,200880_서연이화.pdf,16,37
[정정]248070,솔루엠,2024,6825,[정정]248070_솔루엠.pdf,7,38
010140,삼성중공업,2024,1835,010140_삼성중공업.pdf,16,24
096770,SK이노베이션,2024,23547,096770_SK이노베이션.pdf,12,121
[정정]007280,한국특강,2024,1689,[정정]007280_한국특강.pdf,23,31
403550,쏘카,2024,7321,403550_쏘카.pdf,4,35
008350,남선알미늄,2024,6843,008350_남선알미늄.pdf,17,43
006280,녹십자,2024,37475,006280_녹십자.pdf,25,180
[정정]001120,LX인터내셔널,2024,6938,[정정]001120_LX인터내셔널.pdf,121,148
404990,신한서부티엔디리츠,2024,622,404990_신한서부티엔디리츠.pdf,10,15
058850,KTcs,2024,8473,058850_KTcs.pdf,19,54
377740,바이오노트,2024,12589,377740_바이오노트.pdf,15,64
323410,카카오뱅크,2024,6985,323410_카카오뱅크.pdf,5,30
001020,페이퍼코리아,2024,3723,001020_페이퍼코리아.pdf,12,41
009070,케이씨티시,2024,5997,009070_케이씨티시.pdf,17,42
102260,동성케미컬,2024,7739,102260_동성케미컬.pdf,13,43
[정정]082640,동양생명,2024,7721,[정정]082640_동양생명.pdf,2,41
023800,인지컨트롤스,2024,7152,023800_인지컨트롤스.pdf,5,33
[정정]012630,HDC,2024,20118,[정정]012630_HDC.pdf,20,93
008970,동양철관,2024,4118,008970_동양철관.pdf,13,37
108670,LX하우시스,2024,3839,108670_LX하우시스.pdf,20,34
214390,경보제약,2024,9790,214390_경보제약.pdf,12,50
006260,LS,2024,22598,006260_LS.pdf,6,95
326030,에스케이바이오팜,2024,13747,326030_에스케이바이오팜.pdf,5,60
140910,에이리츠,2024,1873,140910_에이리츠.pdf,12,20
145210,다이나믹디자인,2024,6830,145210_다이나믹디자인.pdf,32,54
006040,동원산업,2024,20891,006040_동원산업.pdf,46,147
204210,스타에스엠리츠,2024,5198,204210_스타에스엠리츠.pdf,5,35
[정정]010140,삼성중공업,2024,1835,[정정]010140_삼성중공업.pdf,31,39
111380,동인기연,2024,6051,111380_동인기연.pdf,16,43
023590,다우기술,2024,20090,023590_다우기술.pdf,23,109
025890,한국주강,2024,3349,025890_한국주강.pdf,9,31
007810,코리아써키트,2024,5276,007810_코리아써키트.pdf,15,34
298000,효성화학,2024,5345,298000_효성화학.pdf,20,40
123690,한국화장품,2024,1669,123690_한국화장품.pdf,10,19
[정정]000720,현대건설,2024,13385,[정정]000720_현대건설.pdf,29,77
[정정]071320,지역난방공사,2024,7624,[정정]071320_지역난방공사.pdf,44,84
001550,조비,2024,2042,001550_조비.pdf,15,28
070960,모나용평,2024,4550,070960_모나용평.pdf,18,44
002760,보락,2024,4535,002760_보락.pdf,11,31
005820,원림,2024,4887,005820_원림.pdf,14,39
025820,이구산업,2024,2520,025820_이구산업.pdf,15,31
102280,쌍방울,2024,5392,102280_쌍방울.pdf,18,42
[정정]055490,테이팩스,2024,3066,[정정]055490_테이팩스.pdf,9,26
281820,케이씨텍,2024,3492,281820_케이씨텍.pdf,17,30
[정정]000070,삼양홀딩스,2024,10204,[정정]000070_삼양홀딩스.pdf,193,230
097230,HJ중공업,2024,8157,097230_HJ중공업.pdf,19,47
[정정]457190,이수스페셜티케미컬,2024,2593,[정정]457190_이수스페셜티케미컬.pdf,17,31
120030,조선선재,2024,1561,120030_조선선재.pdf,9,16
097950,CJ제일제당,2024,6555,097950_CJ제일제당.pdf,6,31
009970,영원무역홀딩스,2024,0,009970_영원무역홀딩스.pdf,-1,-1
017810,풀무원,2024,5390,017810_풀무원.pdf,12,33
[정정]143210,핸즈코퍼레이션,2024,6597,[정정]143210_핸즈코퍼레이션.pdf,20,46
[정정]016090,대현,2024,2294,[정정]016090_대현.pdf,13,23
101530,해태제과식품,2024,5121,101530_해태제과식품.pdf,14,32
015590,KIB플러그에너지,2024,2729,015590_KIB플러그에너지.pdf,29,42
001520,동양,2024,2617,001520_동양.pdf,19,30
095720,웅진씽크빅,2024,11281,095720_웅진씽크빅.pdf,16,52
[정정]000760,이화산업,2024,2186,[정정]000760_이화산업.pdf,14,25
017860,DS단석,2024,6994,017860_DS단석.pdf,15,44
004380,삼익THK,2024,5166,004380_삼익THK.pdf,13,45
000850,화천기공,2024,5234,000850_화천기공.pdf,11,37
001750,한양증권,2024,4186,001750_한양증권.pdf,15,38
023960,에쓰씨엔지니어링,2024,4115,023960_에쓰씨엔지니어링.pdf,20,37
081660,휠라홀딩스,2024,6259,081660_휠라홀딩스.pdf,12,35
[정정]005300,롯데칠성음료,2024,9984,[정정]005300_롯데칠성음료.pdf,39,85
075180,새론오토모티브,2024,4014,075180_새론오토모티브.pdf,9,30
[정정]002380,케이씨씨,2024,11505,[정정]002380_케이씨씨.pdf,165,225
123700,에스제이엠,2024,5208,123700_에스제이엠.pdf,18,41
035150,백산,2024,2077,035150_백산.pdf,12,21
001440,대한전선,2024,6735,001440_대한전선.pdf,5,34
006060,화승인더스트리,2024,9059,006060_화승인더스트리.pdf,15,55
204320,HL만도,2024,8099,204320_HL만도.pdf,16,45
026890,스틱인베스트먼트,2024,6750,026890_스틱인베스트먼트.pdf,5,36
034300,신세계건설,2024,4065,034300_신세계건설.pdf,17,34
009440,KC그린홀딩스,2024,1546,009440_KC그린홀딩스.pdf,13,18
029530,신도리코,2024,3086,029530_신도리코.pdf,15,29
128940,한미약품,2024,4514,128940_한미약품.pdf,14,35
010040,한국내화,2024,2567,010040_한국내화.pdf,14,32
[정정]001230,동국홀딩스,2024,13596,[정정]001230_동국홀딩스.pdf,116,177
018260,삼성에스디에스,2024,6609,018260_삼성에스디에스.pdf,14,36
010780,아이에스동서,2024,5693,010780_아이에스동서.pdf,24,45
294870,HDC현대산업개발,2024,5573,294870_HDC현대산업개발.pdf,19,44
[정정]002990,금호건설,2024,4509,[정정]002990_금호건설.pdf,24,43
010420,한솔피엔에스,2024,4099,010420_한솔피엔에스.pdf,14,36
139130,DGB금융지주,2024,19517,139130_DGB금융지주.pdf,23,100
001780,알루코,2024,7330,001780_알루코.pdf,17,46
002690,동일제강,2024,3047,002690_동일제강.pdf,12,28
005380,현대자동차,2024,11808,005380_현대자동차.pdf,28,65
[정정]294870,HDC현대산업개발,2024,5573,[정정]294870_HDC현대산업개발.pdf,37,62
005940,NH투자증권,2024,13651,005940_NH투자증권.pdf,32,98
402340,SK스퀘어,2024,16044,402340_SK스퀘어.pdf,6,62
161000,애경케미칼,2024,8782,161000_애경케미칼.pdf,5,34
[정정]017180,명문제약,2024,3388,[정정]017180_명문제약.pdf,14,33
004000,롯데정밀화학,2024,2745,004000_롯데정밀화학.pdf,13,24
100220,비상교육,2024,568,100220_비상교육.pdf,14,15
017550,수산중공업,2024,3607,017550_수산중공업.pdf,17,33
014160,대영포장,2024,1952,014160_대영포장.pdf,14,25
128820,대성산업,2024,3475,128820_대성산업.pdf,28,41
227840,현대코퍼레이션홀딩스,2024,3805,227840_현대코퍼레이션홀딩스.pdf,12,26
134790,시디즈,2024,2982,134790_시디즈.pdf,10,23
271940,일진하이솔루스,2024,5980,271940_일진하이솔루스.pdf,11,32
119650,KC코트렐,2024,8365,119650_KC코트렐.pdf,5,37
005680,삼영전자공업,2024,2284,005680_삼영전자공업.pdf,12,23
003120,일성아이에스,2024,5150,003120_일성아이에스.pdf,12,33
100090,SK오션플랜트,2024,3530,100090_SK오션플랜트.pdf,19,31
[정정]009440,KC그린홀딩스,2024,1546,[정정]009440_KC그린홀딩스.pdf,17,22
000910,유니온,2024,5033,000910_유니온.pdf,11,32
003200,일신방직,2024,4564,003200_일신방직.pdf,17,40
[정정]005960,동부건설,2024,12573,[정정]005960_동부건설.pdf,8,57
339770,교촌에프앤비,2024,5623,339770_교촌에프앤비.pdf,5,30
039570,HDC랩스,2024,5624,039570_HDC랩스.pdf,21,37
[정정]377300,카카오페이,2024,21654,[정정]377300_카카오페이.pdf,3,93
002240,고려제강,2024,2513,002240_고려제강.pdf,12,25
006220,제주은행,2024,3581,006220_제주은행.pdf,12,26
037270,YG PLUS,2024,5009,037270_YG PLUS.pdf,15,34
036580,팜스코,2024,7842,036580_팜스코.pdf,18,75
011390,부산산업,2024,7313,011390_부산산업.pdf,12,49
103590,일진전기,2024,3462,103590_일진전기.pdf,15,34
007160,사조산업,2024,4093,007160_사조산업.pdf,14,31
001430,세아베스틸지주,2024,526,001430_세아베스틸지주.pdf,17,18
010620,HD현대미포,2024,3604,010620_HD현대미포.pdf,16,39
139480,이마트,2024,19749,139480_이마트.pdf,27,95
086790,하나금융지주,2024,22803,086790_하나금융지주.pdf,27,106
000120,CJ대한통운,2024,5882,000120_CJ대한통운.pdf,23,43
000240,한국앤컴퍼니,2024,5319,000240_한국앤컴퍼니.pdf,16,40
[정정]001570,금양,2024,610,[정정]001570_금양.pdf,2,3
084680,이월드,2024,3642,084680_이월드.pdf,17,31
001680,대상,2024,8733,001680_대상.pdf,21,53
[정정]111110,호전실업,2024,6746,[정정]111110_호전실업.pdf,9,35
377300,카카오페이,2024,16745,377300_카카오페이.pdf,6,69
[정정]006220,제주은행,2024,3700,[정정]006220_제주은행.pdf,15,29
009460,한창제지,2024,2146,009460_한창제지.pdf,12,25
009180,한솔로지스틱스,2024,3316,009180_한솔로지스틱스.pdf,16,29
133820,화인베스틸,2024,5556,133820_화인베스틸.pdf,4,36
006340,대원전선,2024,3682,006340_대원전선.pdf,14,43
016580,환인제약,2024,4734,016580_환인제약.pdf,12,34
298040,효성중공업,2024,6275,298040_효성중공업.pdf,26,47
002420,세기상사,2024,1473,002420_세기상사.pdf,15,23
[정정]014130,한익스프레스,2024,5944,[정정]014130_한익스프레스.pdf,20,47
[정정]402340,SK스퀘어,2024,16044,[정정]402340_SK스퀘어.pdf,8,64
011690,와이투솔루션,2024,2939,011690_와이투솔루션.pdf,16,29
[정정]019490,하이트론씨스템즈,2024,1647,[정정]019490_하이트론씨스템즈.pdf,17,26
117580,대성에너지,2024,5555,117580_대성에너지.pdf,22,49
002450,삼익악기,2024,5473,002450_삼익악기.pdf,5,28
024070,WISCOM,2024,3829,024070_WISCOM.pdf,11,32
000390,삼화페인트공업,2024,6216,000390_삼화페인트공업.pdf,19,49
011280,태림포장,2024,4220,011280_태림포장.pdf,5,36
033780,케이티앤지,2024,10174,033780_케이티앤지.pdf,22,56
012280,영화금속,2024,2291,012280_영화금속.pdf,12,23
000860,강남제비스코,2024,9501,000860_강남제비스코.pdf,11,45
033920,무학,2024,5424,033920_무학.pdf,5,28
011230,삼화전자공업,2024,4639,011230_삼화전자공업.pdf,16,35
[정정]079550,LIG넥스원,2024,8137,[정정]079550_LIG넥스원.pdf,25,58
267290,경동도시가스,2024,2921,267290_경동도시가스.pdf,14,27
308170,씨티알모빌리티,2024,4859,308170_씨티알모빌리티.pdf,11,29
139990,아주스틸,2024,4770,139990_아주스틸.pdf,16,35
249420,일동제약,2024,7633,249420_일동제약.pdf,10,45
126560,현대퓨처넷,2024,8445,126560_현대퓨처넷.pdf,26,89
004080,신흥,2024,5143,004080_신흥.pdf,5,30
[정정]036570,엔씨소프트,2024,3670,[정정]036570_엔씨소프트.pdf,93,109
016610,DB금융투자,2024,9904,016610_DB금융투자.pdf,6,59
002380,케이씨씨,2024,11505,002380_케이씨씨.pdf,22,82
092230,KPX홀딩스,2024,4017,092230_KPX홀딩스.pdf,5,28
[정정]027410,BGF,2024,17291,[정정]027410_BGF.pdf,35,105
004270,남성,2024,5757,004270_남성.pdf,20,49
007700,F&F 홀딩스,2024,5841,007700_F&F 홀딩스.pdf,18,41
[정정]005940,NH투자증권,2024,13651,[정정]005940_NH투자증권.pdf,35,101
005420,코스모화학,2024,6697,005420_코스모화학.pdf,23,51
[정정]005380,현대자동차,2024,14437,[정정]005380_현대자동차.pdf,26,68
[정정]009290,광동제약,2024,5216,[정정]009290_광동제약.pdf,25,53
[정정]018670,SK가스,2024,12435,[정정]018670_SK가스.pdf,15,70
014280,금강공업,2024,7977,014280_금강공업.pdf,12,40
009420,한올바이오파마,2024,8930,009420_한올바이오파마.pdf,5,45
[정정]021240,코웨이,2024,4561,[정정]021240_코웨이.pdf,50,67
000760,이화산업,2024,2252,000760_이화산업.pdf,12,23
194370,제이에스코퍼레이션,2024,5351,194370_제이에스코퍼레이션.pdf,17,44
456040,OCI,2024,6382,456040_OCI.pdf,18,53
009320,대우부품,2024,4025,009320_대우부품.pdf,9,30
082640,동양생명,2024,6914,082640_동양생명.pdf,5,37
100840,SNT에너지,2024,4090,100840_SNT에너지.pdf,21,44
[정정]028050,삼성E&A,2024,9167,[정정]028050_삼성E&A.pdf,20,60
229640,LS에코에너지,2024,6582,229640_LS에코에너지.pdf,21,51
001460,BYC,2024,3224,001460_BYC.pdf,5,24
448730,삼성FN리츠,2024,1184,448730_삼성FN리츠.pdf,10,16
170900,동아에스티,2024,12580,170900_동아에스티.pdf,12,61
007280,한국특강,2024,2123,007280_한국특강.pdf,10,20
[정정]024110,기업은행,2024,9490,[정정]024110_기업은행.pdf,30,73
248170,샘표식품,2024,3544,248170_샘표식품.pdf,5,20
[정정]000400,롯데손해보험,2024,4984,[정정]000400_롯데손해보험.pdf,2,30
003680,한성기업,2024,4684,003680_한성기업.pdf,12,31
357250,미래에셋맵스리츠,2024,766,357250_미래에셋맵스리츠.pdf,10,16
008040,사조동아원,2024,4264,008040_사조동아원.pdf,14,34
000660,SK하이닉스,2024,8517,000660_SK하이닉스.pdf,18,45
[정정]009150,삼성전기,2024,7410,[정정]009150_삼성전기.pdf,49,82
[정정]002320,한진,2024,3218,[정정]002320_한진.pdf,33,50
032640,LG유플러스,2024,13199,032640_LG유플러스.pdf,26,77
002840,미원상사,2024,3255,002840_미원상사.pdf,5,20
010060,OCI홀딩스,2024,10745,010060_OCI홀딩스.pdf,31,87
015020,이스타코,2024,3215,015020_이스타코.pdf,11,28
004990,롯데지주,2024,44230,004990_롯데지주.pdf,29,174
002820,SUN&L,2024,5128,002820_SUN&L.pdf,12,32
000890,보해양조,2024,6823,000890_보해양조.pdf,6,46
005610,SPC삼립,2024,4341,005610_SPC삼립.pdf,12,26
006490,인스코비,2024,3530,006490_인스코비.pdf,15,29
005110,한창,2024,0,005110_한창.pdf,-1,-1
002170,삼양통상,2024,2153,002170_삼양통상.pdf,10,22
003560,아이에이치큐,2024,2164,003560_아이에이치큐.pdf,26,35
000020,동화약품,2024,5747,000020_동화약품.pdf,11,39
[정정]092220,KEC,2024,4647,[정정]092220_KEC.pdf,16,39
004170,신세계,2024,11136,004170_신세계.pdf,24,62
[정정]377740,바이오노트,2024,12589,[정정]377740_바이오노트.pdf,17,66
[정정]003480,한진중공업홀딩스,2024,10792,[정정]003480_한진중공업홀딩스.pdf,2,59
011790,SKC,2024,10890,011790_SKC.pdf,32,80
[정정]009070,케이씨티시,2024,5997,[정정]009070_케이씨티시.pdf,21,46
383800,LX홀딩스,2024,13031,383800_LX홀딩스.pdf,19,69
378850,화승알앤에이,2024,4022,378850_화승알앤에이.pdf,14,36
017040,광명전기,2024,3719,017040_광명전기.pdf,14,32
009830,한화솔루션,2024,11294,009830_한화솔루션.pdf,40,80
051600,한전KPS,2024,7694,051600_한전KPS.pdf,14,49
102460,이연제약,2024,9012,102460_이연제약.pdf,12,44
248070,솔루엠,2024,6825,248070_솔루엠.pdf,5,36
000400,롯데손해보험,2024,4247,000400_롯데손해보험.pdf,4,24
000880,한화,2024,54142,000880_한화.pdf,51,239
000490,대동,2024,10168,000490_대동.pdf,5,39
[정정]047810,한국항공우주,2024,11168,[정정]047810_한국항공우주.pdf,42,87
053210,케이티스카이라이프,2024,11284,053210_케이티스카이라이프.pdf,6,47
031820,콤텍시스템,2024,6112,031820_콤텍시스템.pdf,22,50
[정정]375500,DL이앤씨,2024,7794,[정정]375500_DL이앤씨.pdf,266,296
009240,한샘,2024,7661,009240_한샘.pdf,5,36
000500,가온전선,2024,3535,000500_가온전선.pdf,22,46
[정정]000210,DL,2024,21811,[정정]000210_DL.pdf,31,118
014820,동원시스템즈,2024,5872,014820_동원시스템즈.pdf,20,45
005430,한국공항,2024,4333,005430_한국공항.pdf,13,31
027740,마니커,2024,2431,027740_마니커.pdf,14,25
069730,DSR제강,2024,2411,069730_DSR제강.pdf,10,23
[정정]000810,삼성화재해상보험,2024,12073,[정정]000810_삼성화재해상보험.pdf,8,59
012510,더존비즈온,2024,9819,012510_더존비즈온.pdf,10,48
084010,대한제강,2024,4141,084010_대한제강.pdf,18,35
213500,한솔제지,2024,6890,213500_한솔제지.pdf,17,45
[정정]015360,예스코홀딩스,2024,2874,[정정]015360_예스코홀딩스.pdf,23,36
014710,사조씨푸드,2024,4558,014710_사조씨푸드.pdf,10,27
000320,노루홀딩스,2024,9920,000320_노루홀딩스.pdf,11,44
381970,케이카,2024,5190,381970_케이카.pdf,12,32
[정정]001680,대상,2024,8733,[정정]001680_대상.pdf,26,58
042670,HD현대인프라코어,2024,6210,042670_HD현대인프라코어.pdf,19,42
069640,한세엠케이,2024,6704,069640_한세엠케이.pdf,5,33
029460,케이씨,2024,4475,029460_케이씨.pdf,13,31
004140,동방,2024,4260,004140_동방.pdf,17,38
000810,삼성화재해상보험,2024,12085,000810_삼성화재해상보험.pdf,5,56
044820,코스맥스비티아이,2024,4106,044820_코스맥스비티아이.pdf,16,33
003720,삼영,2024,5156,003720_삼영.pdf,10,34
001620,케이비아이동국실업,2024,4784,001620_케이비아이동국실업.pdf,6,35
003230,삼양식품,2024,9149,003230_삼양식품.pdf,16,47
002720,국제약품,2024,6418,002720_국제약품.pdf,16,51
011150,CJ씨푸드,2024,2693,011150_CJ씨푸드.pdf,11,24
077500,유니퀘스트,2024,3433,077500_유니퀘스트.pdf,12,27
[정정]334890,이지스밸류플러스리츠,2024,980,[정정]334890_이지스밸류플러스리츠.pdf,15,27
000720,현대건설,2024,13385,000720_현대건설.pdf,25,73
013890,지누스,2024,4414,013890_지누스.pdf,13,33
[정정]017900,광전자,2024,5460,[정정]017900_광전자.pdf,15,41
013360,일성건설,2024,3832,013360_일성건설.pdf,15,32
020000,한섬,2024,5746,020000_한섬.pdf,5,33
005440,현대지에프홀딩스,2024,15951,005440_현대지에프홀딩스.pdf,6,73
060980,HL홀딩스,2024,15215,060980_HL홀딩스.pdf,19,74
013520,화승코퍼레이션,2024,6436,013520_화승코퍼레이션.pdf,23,55
005870,휴니드테크놀러지스,2024,4511,005870_휴니드테크놀러지스.pdf,5,23
092200,디아이씨,2024,4629,092200_디아이씨.pdf,10,26
357430,마스턴프리미어리츠,2024,1382,357430_마스턴프리미어리츠.pdf,11,23
088790,진도,2024,2736,088790_진도.pdf,11,24
[정정]097230,HJ중공업,2024,8157,[정정]097230_HJ중공업.pdf,90,118
[정정]025750,한솔홈데코,2024,6036,[정정]025750_한솔홈데코.pdf,30,59
011300,성안머티리얼스,2024,1965,011300_성안머티리얼스.pdf,16,26
[정정]001130,대한제분,2024,0,[정정]001130_대한제분.pdf,2,2
[정정]317400,자이에스앤디,2024,8411,[정정]317400_자이에스앤디.pdf,32,70
036420,콘텐트리중앙,2024,2251,036420_콘텐트리중앙.pdf,16,25
130660,한전산업,2024,3378,130660_한전산업.pdf,15,30
[정정]019170,신풍제약,2024,4242,[정정]019170_신풍제약.pdf,22,41
018470,조일알미늄,2024,2527,018470_조일알미늄.pdf,11,28
015230,대창단조,2024,4125,015230_대창단조.pdf,16,42
002070,비비안,2024,9245,002070_비비안.pdf,19,54
[정정]005490,POSCO홀딩스,2024,25232,[정정]005490_POSCO홀딩스.pdf,183,270
001260,남광토건,2024,2909,001260_남광토건.pdf,13,26
[정정]058650,세아홀딩스,2024,3634,[정정]058650_세아홀딩스.pdf,35,52
017370,우신시스템,2024,7001,017370_우신시스템.pdf,5,43
066970,엘앤에프,2024,5291,066970_엘앤에프.pdf,13,36
330590,롯데리츠,2024,3439,330590_롯데리츠.pdf,4,25
009770,삼정펄프,2024,2510,009770_삼정펄프.pdf,13,26
454910,두산로보틱스,2024,7980,454910_두산로보틱스.pdf,12,44
071320,지역난방공사,2024,7624,071320_지역난방공사.pdf,16,56
016710,대성홀딩스,2024,13692,016710_대성홀딩스.pdf,5,63
[정정]010770,평화홀딩스,2024,2486,[정정]010770_평화홀딩스.pdf,24,35
033180,KH 필룩스,2024,2960,033180_KH 필룩스.pdf,18,28
004560,현대비앤지스틸,2024,3465,004560_현대비앤지스틸.pdf,12,32
027410,BGF,2024,17291,027410_BGF.pdf,31,101
078000,텔코웨어,2024,3515,078000_텔코웨어.pdf,10,26
008500,일정실업,2024,2320,008500_일정실업.pdf,11,23
163560,동일고무벨트,2024,6167,163560_동일고무벨트.pdf,4,30
000670,영풍,2024,8032,000670_영풍.pdf,19,45
[정정]019440,세아특수강,2024,7246,[정정]019440_세아특수강.pdf,2,38
334890,이지스밸류플러스리츠,2024,980,334890_이지스밸류플러스리츠.pdf,12,24
373220,LG에너지솔루션,2024,4774,373220_LG에너지솔루션.pdf,13,31
[정정]015590,KIB플러그에너지,2024,2729,[정정]015590_KIB플러그에너지.pdf,38,51
002200,한국수출포장공업,2024,1918,002200_한국수출포장공업.pdf,12,20
143210,핸즈코퍼레이션,2024,6597,143210_핸즈코퍼레이션.pdf,17,43
017180,명문제약,2024,3388,017180_명문제약.pdf,11,30
012320,경동인베스트,2024,4261,012320_경동인베스트.pdf,12,28
071050,한국금융지주,2024,18856,071050_한국금융지주.pdf,6,83
002880,대유에이텍,2024,3546,002880_대유에이텍.pdf,16,30
[정정]316140,우리금융지주,2024,28439,[정정]316140_우리금융지주.pdf,33,144
[정정]023590,다우기술,2024,811,[정정]023590_다우기술.pdf,3,5
192080,더블유게임즈,2024,4138,192080_더블유게임즈.pdf,19,39
[정정]047050,포스코인터내셔널,2024,13218,[정정]047050_포스코인터내셔널.pdf,13,60
214420,토니모리,2024,547,214420_토니모리.pdf,8,10
[정정]004540,깨끗한나라,2024,3149,[정정]004540_깨끗한나라.pdf,47,61
005300,롯데칠성음료,2024,9984,005300_롯데칠성음료.pdf,7,53
[정정]018260,삼성에스디에스,2024,6609,[정정]018260_삼성에스디에스.pdf,17,39
005960,동부건설,2024,12573,005960_동부건설.pdf,5,54
264900,크라운제과,2024,3721,264900_크라운제과.pdf,16,34
001470,삼부토건,2024,0,001470_삼부토건.pdf,-1,-1
008490,서흥,2024,1426,008490_서흥.pdf,11,18
023450,동남합성,2024,1087,023450_동남합성.pdf,11,17
002210,동성제약,2024,3502,002210_동성제약.pdf,13,31
055490,테이팩스,2024,3066,055490_테이팩스.pdf,5,22
001420,태원물산,2024,2953,001420_태원물산.pdf,13,27
039490,키움증권,2024,16279,039490_키움증권.pdf,23,93
[정정]010120,엘에스일렉트릭,2024,11664,[정정]010120_엘에스일렉트릭.pdf,35,85
079160,CJ CGV,2024,4264,079160_CJ CGV.pdf,18,48
329180,HD현대중공업,2024,9118,329180_HD현대중공업.pdf,22,55
[정정]010600,웰바이오텍,2024,0,[정정]010600_웰바이오텍.pdf,2,2
[정정]004000,롯데정밀화학,2024,2745,[정정]004000_롯데정밀화학.pdf,125,136
028260,삼성물산,2024,13673,028260_삼성물산.pdf,29,94
307950,현대오토에버,2024,7530,307950_현대오토에버.pdf,19,44
082740,한화엔진,2024,5795,082740_한화엔진.pdf,13,35
071950,코아스,2024,2633,071950_코아스.pdf,9,21
001560,제일연마,2024,2034,001560_제일연마.pdf,13,27
001070,대한방직,2024,2699,001070_대한방직.pdf,14,27
[정정]011790,SKC,2024,616,[정정]011790_SKC.pdf,5,6
009450,경동나비엔,2024,2700,009450_경동나비엔.pdf,19,32
[정정]003670,포스코퓨처엠,2024,6001,[정정]003670_포스코퓨처엠.pdf,42,62
432320,KB스타리츠,2024,978,432320_KB스타리츠.pdf,10,17
003060,에이프로젠바이오로직스,2024,7386,003060_에이프로젠바이오로직스.pdf,19,51
009470,삼화전기,2024,2519,009470_삼화전기.pdf,11,25
145270,케이탑리츠,2024,1793,145270_케이탑리츠.pdf,10,21
030190,NICE평가정보,2024,4226,030190_NICE평가정보.pdf,17,35
001390,KG케미칼,2024,22997,001390_KG케미칼.pdf,18,103
090080,평화산업,2024,3027,090080_평화산업.pdf,17,30
092220,KEC,2024,4647,092220_KEC.pdf,13,36
271560,오리온,2024,10299,271560_오리온.pdf,5,51
[정정]000880,한화,2024,54142,[정정]000880_한화.pdf,217,405
[정정]000490,대동,2024,10168,[정정]000490_대동.pdf,7,41
268280,미원에스씨,2024,1554,268280_미원에스씨.pdf,10,17
114090,GKL,2024,3692,114090_GKL.pdf,11,26
006570,대림통상,2024,2329,006570_대림통상.pdf,12,24
[정정]008930,한미사이언스,2024,6660,[정정]008930_한미사이언스.pdf,15,42
302440,SK바이오사이언스,2024,10267,302440_SK바이오사이언스.pdf,6,47
007120,미래아이앤지,2024,590,007120_미래아이앤지.pdf,13,15
460860,동국제강,2024,4402,460860_동국제강.pdf,5,33
100250,진양홀딩스,2024,5254,100250_진양홀딩스.pdf,11,40
002310,아세아제지,2024,6460,002310_아세아제지.pdf,15,39
002990,금호건설,2024,4509,002990_금호건설.pdf,21,40
019180,티에이치엔,2024,2654,019180_티에이치엔.pdf,13,27
